Ottoneu ID,Name,FG ID,FG Minor ID,MLBAM ID,Birthday,Positions,Bats,Throws,Last Check,Confidence,wOBA,vs LHP,vs RHP,q1,q2,q3,q4,q5
3435,Andrew McCutchen,9847,sa290131,457705,10 Oct 1986,Util,R,R,18 Jun 2025,Projection,0.314,0.322,0.310,,,,,
4374,Paul Goldschmidt,9218,sa501577,502671,10 Sep 1987,1B,R,R,18 Jun 2025,Projection,0.328,0.344,0.321,,,,,
4980,Travis d'Arnaud,7739,sa389876,518595,10 Feb 1989,C,R,R,18 Jun 2025,Projection,0.311,0.321,0.297,,,,,
5201,Giancarlo Stanton,4949,sa390316,519317,8 Nov 1989,Util,R,R,18 Jun 2025,Projection,0.328,0.342,0.340,,,,,
5680,Freddie Freeman,5361,sa390291,518692,12 Sep 1989,1B,L,R,18 Jun 2025,Projection,0.368,0.334,0.380,,,,,
5918,Jose Altuve,5417,sa455591,514888,6 May 1990,2B,R,R,18 Jun 2025,Projection,0.334,0.340,0.330,,,,,
6130,Marcell Ozuna,10324,sa503013,542303,12 Nov 1990,Util,R,R,18 Jun 2025,Projection,0.351,0.354,0.350,,,,,
6305,Mike Trout,10155,sa500736,545361,7 Aug 1991,OF,R,R,18 Jun 2025,Projection,0.355,0.360,0.342,,,,,
8626,Salvador Perez,7304,sa392995,521692,10 May 1990,C/1B,R,R,18 Jun 2025,Projection,0.317,0.326,0.303,,,,,
9668,Eugenio Suárez,12552,sa505033,553993,18 Jul 1991,3B,R,R,18 Jun 2025,Projection,0.320,0.324,0.323,,,,,
12379,Nolan Arenado,9777,sa500816,571448,16 Apr 1991,3B,R,R,18 Jun 2025,Projection,0.322,0.328,0.319,,,,,
12398,Willson Contreras,11609,sa508176,575929,13 May 1992,C,R,R,18 Jun 2025,Projection,0.346,0.353,0.330,,,,,
13117,Xander Bogaerts,12161,sa550735,593428,1 Oct 1992,2B/SS,R,R,18 Jun 2025,Projection,0.331,0.336,0.319,,,,,
13702,Jurickson Profar,10815,sa549315,595777,20 Feb 1993,OF,B,R,18 Jun 2025,Projection,0.334,0.337,0.339,,,,,
14864,J.T. Realmuto,11739,sa548255,592663,18 Mar 1991,C,R,R,18 Jun 2025,Projection,0.316,0.320,0.306,,,,,
14893,Christian Yelich,11477,sa548190,592885,5 Dec 1991,OF,L,R,18 Jun 2025,Projection,0.347,0.320,0.351,,,,,
14895,Joc Pederson,11899,sa549081,592626,21 Apr 1992,Util,L,L,18 Jun 2025,Projection,0.348,0.306,0.342,,,,,
14934,Manny Machado,11493,sa548155,592518,6 Jul 1992,3B,R,R,18 Jun 2025,Projection,0.344,0.354,0.339,,,,,
14982,Bryce Harper,11579,sa548033,547180,16 Oct 1992,1B,L,R,18 Jun 2025,Projection,0.375,0.344,0.381,,,,,
18122,Francisco Lindor,12916,sa597754,596019,14 Nov 1993,SS,B,R,18 Jun 2025,Projection,0.344,0.352,0.341,,,,,
18124,George Springer,12856,sa526414,543807,19 Sep 1989,OF,R,R,18 Jun 2025,Projection,0.321,0.326,0.315,,,,,
18126,Brandon Nimmo,12927,sa597760,607043,27 Mar 1993,OF,L,R,18 Jun 2025,Projection,0.339,0.310,0.351,,,,,
18160,Carlos Correa,14162,sa657850,621043,22 Sep 1994,SS,R,R,18 Jun 2025,Projection,0.345,0.357,0.323,,,,,
18162,Jorge Soler,14221,sa658226,624585,25 Feb 1992,OF,R,R,18 Jun 2025,Projection,0.334,0.345,0.313,,,,,
18163,Byron Buxton,14161,sa657851,621439,18 Dec 1993,OF,R,R,18 Jun 2025,Projection,0.332,0.337,0.323,,,,,
18216,Corey Seager,13624,sa657913,608369,27 Apr 1994,SS,L,R,18 Jun 2025,Projection,0.365,0.329,0.379,,,,,
18239,Jesse Winker,13590,sa657865,608385,17 Aug 1993,OF,L,L,18 Jun 2025,Projection,0.336,0.303,0.344,,,,,
18254,Tyrone Taylor,13675,sa657979,621438,22 Jan 1994,OF,R,R,18 Jun 2025,Projection,0.306,0.313,0.296,,,,,
18255,Max Muncy,13301,sa503373,571970,25 Aug 1990,3B,L,R,18 Jun 2025,Projection,0.329,0.310,0.340,,,,,
18263,Marcus Semien,12533,sa546772,543760,17 Sep 1990,2B,R,R,18 Jun 2025,Projection,0.327,0.331,0.318,,,,,
18272,J.P. Crawford,15491,sa737507,641487,11 Jan 1995,SS,L,R,18 Jun 2025,Projection,0.319,0.301,0.339,,,,,
18276,Mookie Betts,13611,sa597889,605141,7 Oct 1992,2B/SS/OF,R,R,18 Jun 2025,Projection,0.366,0.366,0.361,,,,,
18284,José Ramírez,13510,sa598784,608070,17 Sep 1992,3B,B,R,18 Jun 2025,Projection,0.359,0.358,0.361,,,,,
18312,Aaron Judge,15640,sa549847,592450,26 Apr 1992,OF,R,R,18 Jun 2025,Projection,0.404,0.419,0.397,,,,,
18328,Ryan McMahon,15112,sa737539,641857,14 Dec 1994,3B,L,R,18 Jun 2025,Projection,0.304,0.278,0.310,,,,,
18344,Rafael Devers,17350,sa828312,646240,24 Oct 1996,3B,L,R,18 Jun 2025,Projection,0.357,0.312,0.379,,,,,
18347,Kyle Schwarber,16478,sa709545,656941,5 Mar 1993,OF,L,R,18 Jun 2025,Projection,0.350,0.320,0.366,,,,,
18365,Michael Conforto,16376,sa709038,624424,1 Mar 1993,OF,L,R,18 Jun 2025,Projection,0.325,0.299,0.323,,,,,
18368,Trea Turner,16252,sa599179,607208,30 Jun 1993,SS,R,R,18 Jun 2025,Projection,0.337,0.343,0.336,,,,,
18378,Matt Chapman,16505,sa828672,656305,28 Apr 1993,3B,R,R,18 Jun 2025,Projection,0.334,0.345,0.324,,,,,
18386,Matt Olson,14344,sa657863,621566,29 Mar 1994,1B,L,R,18 Jun 2025,Projection,0.355,0.326,0.362,,,,,
18389,Christian Walker,13419,sa503826,572233,28 Mar 1991,1B,R,R,18 Jun 2025,Projection,0.340,0.346,0.318,,,,,
18397,Ozzie Albies,16556,sa830219,645277,7 Jan 1997,2B,B,R,18 Jun 2025,Projection,0.333,0.337,0.323,,,,,
18407,Willy Adames,15986,sa736655,642715,2 Sep 1995,SS,R,R,18 Jun 2025,Projection,0.327,0.329,0.316,,,,,
18408,Alex Verdugo,17027,sa828699,657077,15 May 1996,OF,R,R,18 Jun 2025,Projection,0.312,0.285,0.319,,,,,
18433,Orlando Arcia,13185,sa596917,606115,4 Aug 1994,SS,R,R,18 Jun 2025,Projection,0.301,0.309,0.293,,,,,
18466,Ketel Marte,13613,sa597026,606466,12 Oct 1993,2B,B,R,18 Jun 2025,Projection,0.363,0.366,0.363,,,,,
18479,Ian Happ,17919,sa827194,664023,12 Aug 1994,OF,B,R,18 Jun 2025,Projection,0.335,0.318,0.341,,,,,
18480,Alex Bregman,17678,sa659419,608324,30 Mar 1994,3B,R,R,18 Jun 2025,Projection,0.343,0.349,0.341,,,,,
18487,Gleyber Torres,16997,sa830372,650402,13 Dec 1996,2B,R,R,18 Jun 2025,Projection,0.325,0.333,0.328,,,,,
18506,Dansby Swanson,18314,sa659260,621020,11 Feb 1994,SS,R,R,18 Jun 2025,Projection,0.314,0.326,0.306,,,,,
18516,Victor Robles,18363,sa828409,645302,19 May 1997,OF,R,R,18 Jun 2025,Projection,0.312,0.319,0.310,,,,,
18517,Yandy Díaz,16578,sa823741,650490,8 Aug 1991,1B,R,R,18 Jun 2025,Projection,0.357,0.362,0.341,,,,,
18546,Kyle Tucker,18345,sa874240,663656,17 Jan 1997,OF,L,R,18 Jun 2025,Projection,0.369,0.345,0.384,,,,,
18548,Ke'Bryan Hayes,18577,sa874730,663647,28 Jan 1997,3B,R,R,18 Jun 2025,Projection,0.306,0.320,0.289,,,,,
18549,Vladimir Guerrero Jr.,19611,sa920245,665489,16 Mar 1999,1B/3B,R,R,18 Jun 2025,Projection,0.386,0.398,0.371,,,,,
18644,Jeff McNeil,15362,sa709024,643446,8 Apr 1992,2B/OF,L,R,18 Jun 2025,Projection,0.323,0.303,0.347,,,,,
19285,Victor Caratini,14968,sa737618,605170,17 Aug 1993,C/1B,B,R,18 Jun 2025,Projection,0.316,0.303,0.316,,,,,
19296,Tyler O'Neill,15711,sa737633,641933,22 Jun 1995,OF,R,R,18 Jun 2025,Projection,0.324,0.341,0.310,,,,,
19328,Cody Bellinger,15998,sa737794,641355,13 Jul 1995,1B/OF,L,L,18 Jun 2025,Projection,0.324,0.303,0.336,,,,,
19360,Jonah Heim,16930,sa737843,641680,27 Jun 1995,C,B,R,18 Jun 2025,Projection,0.296,0.303,0.286,,,,,
20291,Luis Rengifo,19858,sa826671,650859,26 Feb 1997,2B/3B,B,R,18 Jun 2025,Projection,0.318,0.322,0.304,,,,,
20545,Luis Arraez,18568,sa828153,650333,9 Apr 1997,1B/2B,L,R,18 Jun 2025,Projection,0.337,0.308,0.355,,,,,
21041,Lane Thomas,16939,sa828962,657041,23 Aug 1995,OF,R,R,18 Jun 2025,Projection,0.316,0.335,0.297,,,,,
21156,Ryan O'Hearn,16442,sa829141,656811,26 Jul 1993,1B/OF,L,L,18 Jun 2025,Projection,0.331,0.297,0.342,,,,,
21708,Willi Castro,17338,sa830274,650489,24 Apr 1997,2B/SS/3B/OF,B,R,18 Jun 2025,Projection,0.306,0.309,0.307,,,,,
21751,Eloy Jiménez,17484,sa830373,650391,27 Nov 1996,Util,R,R,18 Jun 2025,Projection,0.327,0.333,0.336,,,,,
21964,LaMonte Wade Jr.,18126,sa856280,664774,1 Jan 1994,1B/OF,L,L,18 Jun 2025,Projection,0.338,0.300,0.327,,,,,
22004,Jake Cronenworth,18036,sa857694,630105,21 Jan 1994,1B/2B,L,R,18 Jun 2025,Projection,0.317,0.288,0.332,,,,,
22048,Taylor Ward,17548,sa858832,621493,14 Dec 1993,OF,R,R,18 Jun 2025,Projection,0.329,0.339,0.318,,,,,
22219,Keibert Ruiz,19610,sa872528,660688,20 Jul 1998,C,B,R,18 Jun 2025,Projection,0.313,0.307,0.308,,,,,
22331,Jesús Sánchez,19913,sa872787,660821,7 Oct 1997,OF,L,R,18 Jun 2025,Projection,0.331,0.289,0.335,,,,,
22391,William Contreras,20503,sa872847,661388,24 Dec 1997,C,R,R,18 Jun 2025,Projection,0.357,0.364,0.342,,,,,
22616,Cedric Mullins,17929,sa873639,656775,1 Oct 1994,OF,L,L,18 Jun 2025,Projection,0.313,0.281,0.322,,,,,
22654,Tyler Stephenson,17988,sa874242,663886,16 Aug 1996,C,R,R,18 Jun 2025,Projection,0.317,0.327,0.299,,,,,
22655,Josh Naylor,18839,sa874243,647304,22 Jun 1997,1B,R,R,18 Jun 2025,Projection,0.339,0.306,0.355,,,,,
22670,Ryan Mountcastle,18373,sa874734,663624,18 Feb 1997,1B,R,R,18 Jun 2025,Projection,0.326,0.338,0.305,,,,,
22674,Austin Riley,18360,sa874756,663586,2 Apr 1997,3B,R,R,18 Jun 2025,Projection,0.355,0.361,0.338,,,,,
23327,Ronald Acuña Jr.,18401,sa877503,660670,18 Dec 1997,OF,R,R,18 Jun 2025,Projection,0.384,0.380,0.385,,,,,
23651,Teoscar Hernández,13066,sa596861,606192,15 Oct 1992,OF,R,R,18 Jun 2025,Projection,0.328,0.340,0.321,,,,,
23654,Will Smith,19197,sa873265,669257,28 Mar 1995,C,R,R,18 Jun 2025,Projection,0.332,0.336,0.337,,,,,
23682,Fernando Tatis Jr.,19709,sa919910,665487,2 Jan 1999,OF,R,R,18 Jun 2025,Projection,0.376,0.371,0.364,,,,,
23705,Andrés Giménez,19950,sa917114,665926,4 Sep 1998,2B,L,R,18 Jun 2025,Projection,0.313,0.293,0.319,,,,,
23714,Carson Kelly,13620,sa657963,608348,14 Jul 1994,C,R,R,18 Jun 2025,Projection,0.306,0.316,0.315,,,,,
23717,Juan Soto,20123,sa906282,665742,25 Oct 1998,OF,L,L,18 Jun 2025,Projection,0.413,0.369,0.426,,,,,
23745,Adolis García,19287,sa908695,666969,2 Mar 1993,OF,R,R,18 Jun 2025,Projection,0.319,0.326,0.307,,,,,
23752,Josh Lowe,19953,sa917926,666139,2 Feb 1998,OF,L,R,18 Jun 2025,Projection,0.320,0.283,0.330,,,,,
23762,Jazz Chisholm Jr.,20454,sa919327,665862,1 Feb 1998,3B/OF,L,R,18 Jun 2025,Projection,0.325,0.291,0.338,,,,,
23767,Bo Bichette,19612,sa917949,666182,5 Mar 1998,SS,R,R,18 Jun 2025,Projection,0.334,0.343,0.323,,,,,
23780,Luis Robert Jr.,20043,sa3003396,673357,3 Aug 1997,OF,R,R,18 Jun 2025,Projection,0.312,0.322,0.292,,,,,
23788,TJ Friedl,19522,sa943754,670770,14 Aug 1995,OF,L,L,18 Jun 2025,Projection,0.320,0.297,0.336,,,,,
23793,Brent Rooker,19627,sa3003172,667670,1 Nov 1994,OF,R,R,18 Jun 2025,Projection,0.352,0.361,0.345,,,,,
23795,Yordan Alvarez,19556,sa943524,670541,27 Jun 1997,OF,L,R,18 Jun 2025,Projection,0.406,0.370,0.407,,,,,
23796,Royce Lewis,20437,sa3004259,668904,5 Jun 1999,3B,R,R,18 Jun 2025,Projection,0.341,0.350,0.325,,,,,
23808,Pavin Smith,19892,sa829595,656976,6 Feb 1996,1B/OF,L,L,18 Jun 2025,Projection,0.327,0.293,0.329,,,,,
23825,Bryan Reynolds,19326,sa873683,668804,27 Jan 1995,OF,B,R,18 Jun 2025,Projection,0.336,0.321,0.329,,,,,
23831,Isaac Paredes,20036,sa920275,670623,18 Feb 1999,1B/3B,R,R,18 Jun 2025,Projection,0.342,0.348,0.348,,,,,
23833,Daulton Varsho,19918,sa3002838,662139,2 Jul 1996,OF,L,R,18 Jun 2025,Projection,0.309,0.282,0.315,,,,,
23840,Randy Arozarena,19290,sa914549,668227,28 Feb 1995,OF,R,R,18 Jun 2025,Projection,0.335,0.344,0.324,,,,,
23856,Anthony Santander,14551,sa659463,623993,19 Oct 1994,OF,B,R,18 Jun 2025,Projection,0.339,0.326,0.329,,,,,
23859,Pete Alonso,19251,sa873981,624413,7 Dec 1994,1B,R,R,18 Jun 2025,Projection,0.347,0.353,0.351,,,,,
23868,Brandon Marsh,20202,sa917944,669016,18 Dec 1997,OF,L,R,18 Jun 2025,Projection,0.319,0.280,0.330,,,,,
26099,Iván Herrera,20599,sa3003191,671056,1 Jun 2000,C,R,R,18 Jun 2025,Projection,0.336,0.341,0.338,,,,,
26134,Gabriel Moreno,22664,sa3003226,672515,14 Feb 2000,C,R,R,18 Jun 2025,Projection,0.338,0.341,0.328,,,,,
26154,Maikel Garcia,22715,sa3003246,672580,3 Mar 2000,2B/3B,R,R,18 Jun 2025,Projection,0.300,0.309,0.305,,,,,
26198,Geraldo Perdomo,22799,sa3003290,672695,22 Oct 1999,SS,B,R,18 Jun 2025,Projection,0.311,0.312,0.324,,,,,
26292,Yainer Díaz,23003,sa3003386,673237,21 Sep 1998,C/1B,R,R,18 Jun 2025,Projection,0.334,0.337,0.318,,,,,
26570,Otto Lopez,19608,sa3004268,672640,1 Oct 1998,2B/SS,R,R,18 Jun 2025,Projection,0.315,0.318,0.312,,,,,
26783,Jake Meyers,20308,sa3004621,676694,18 Jun 1996,OF,R,L,18 Jun 2025,Projection,0.303,0.312,0.304,,,,,
26857,Mark Vientos,22184,sa3004720,668901,11 Dec 1999,3B,R,R,18 Jun 2025,Projection,0.341,0.346,0.326,,,,,
27058,Wilyer Abreu,23772,sa3005082,677800,24 Jun 1999,OF,L,L,18 Jun 2025,Projection,0.325,0.293,0.334,,,,,
27207,Alejandro Kirk,22581,sa3005337,672386,6 Nov 1998,C,R,R,18 Jun 2025,Projection,0.338,0.339,0.332,,,,,
31687,Sean Murphy,19352,sa873680,669221,4 Oct 1994,C,R,R,18 Jun 2025,Projection,0.324,0.326,0.317,,,,,
31703,Tommy Edman,19470,sa873704,669242,9 May 1995,SS/OF,B,R,18 Jun 2025,Projection,0.307,0.314,0.307,,,,,
31741,Brandon Lowe,18882,sa874181,664040,6 Jul 1994,1B/2B,L,R,18 Jun 2025,Projection,0.331,0.299,0.336,,,,,
31755,Jake Rogers,19452,sa874230,668670,18 Apr 1995,C,R,R,18 Jun 2025,Projection,0.291,0.302,0.289,,,,,
31853,Josh Rojas,19734,sa913302,668942,30 Jun 1994,2B/3B,L,R,18 Jun 2025,Projection,0.302,0.273,0.303,,,,,
31958,Ernie Clement,20352,sa915732,676391,22 Mar 1996,SS/3B,R,R,18 Jun 2025,Projection,0.313,0.316,0.309,,,,,
32087,Andrés Chaparro,21797,sa916976,665953,4 May 1999,1B/3B,R,R,18 Jun 2025,Projection,0.317,0.325,0.321,,,,,
32291,Oneil Cruz,21711,sa917318,665833,4 Oct 1998,SS/OF,L,R,18 Jun 2025,Projection,0.337,0.302,0.338,,,,,
32321,Miguel Amaya,21693,sa917354,665804,9 Mar 1999,C,R,R,18 Jun 2025,Projection,0.312,0.318,0.312,,,,,
32576,Gavin Lux,19955,sa917933,666158,23 Nov 1997,2B,L,R,18 Jun 2025,Projection,0.320,0.287,0.324,,,,,
32585,Jose Miranda,20538,sa917952,669304,29 Jun 1998,1B/3B,R,R,18 Jun 2025,Projection,0.327,0.327,0.315,,,,,
32711,Freddy Fermin,21840,sa918173,666023,16 May 1995,C,R,R,18 Jun 2025,Projection,0.307,0.315,0.300,,,,,
32765,Nathaniel Lowe,19566,sa918283,663993,7 Jul 1995,1B,L,R,18 Jun 2025,Projection,0.334,0.313,0.339,,,,,
33217,Jonathan Aranda,21837,sa919293,666018,23 May 1998,1B/2B,L,R,18 Jun 2025,Projection,0.334,0.301,0.348,,,,,
33548,Luis García Jr.,20391,sa962605,671277,16 May 2000,2B,L,R,18 Jun 2025,Projection,0.329,0.297,0.336,,,,,
33600,Shohei Ohtani,19755,,660271,5 Jul 1994,Util,L,R,18 Jun 2025,Projection,0.391,0.352,0.417,,,,,
33609,Alec Bohm,21618,sa3007284,664761,3 Aug 1996,1B/3B,R,R,18 Jun 2025,Projection,0.333,0.341,0.322,,,,,
33619,Jonathan India,21523,sa3008178,663697,15 Dec 1996,2B,R,R,18 Jun 2025,Projection,0.327,0.330,0.320,,,,,
33622,Trevor Larnach,21501,sa3008376,663616,26 Feb 1997,OF,L,R,18 Jun 2025,Projection,0.324,0.289,0.328,,,,,
33623,Nolan Gorman,22263,sa3007017,669357,10 May 2000,2B,L,R,18 Jun 2025,Projection,0.316,0.286,0.322,,,,,
33625,Julio Rodríguez,23697,sa3005720,677594,29 Dec 2000,OF,R,R,18 Jun 2025,Projection,0.357,0.358,0.344,,,,,
33627,Nico Hoerner,21479,sa3007867,663538,13 May 1997,2B/SS,R,R,18 Jun 2025,Projection,0.320,0.323,0.318,,,,,
33634,Brice Turang,22186,sa3008294,668930,21 Nov 1999,2B,L,R,18 Jun 2025,Projection,0.309,0.284,0.318,,,,,
33635,Richie Palacios,24589,sa3006908,680700,16 May 1997,2B/OF,L,R,18 Jun 2025,Projection,0.318,0.293,0.332,,,,,
33645,Xavier Edwards,22266,sa3007018,669364,9 Aug 1999,SS,B,R,18 Jun 2025,Projection,0.325,0.322,0.324,,,,,
33650,Brayan Rocchio,23690,sa3005898,677587,13 Jan 2001,SS,B,R,18 Jun 2025,Projection,0.310,0.306,0.306,,,,,
33651,Triston Casas,22514,sa3007634,671213,15 Jan 2000,1B,L,T,18 Jun 2025,Projection,0.348,0.316,0.341,,,,,
33652,Ryan Jeffers,24618,sa3007051,680777,3 Jun 1997,C,R,R,18 Jun 2025,Projection,0.325,0.331,0.316,,,,,
33654,Cal Raleigh,21534,sa3008377,663728,26 Nov 1996,C,B,R,18 Jun 2025,Projection,0.329,0.323,0.344,,,,,
33666,Matt Vierling,21558,sa3006781,663837,16 Sep 1996,3B/OF,R,R,18 Jun 2025,Projection,0.312,0.321,0.309,,,,,
33676,Bo Naylor,21865,sa3008247,666310,21 Feb 2000,C,L,R,18 Jun 2025,Projection,0.309,0.281,0.317,,,,,
33681,Alek Thomas,23792,sa3006892,677950,28 Apr 2000,OF,L,L,18 Jun 2025,Projection,0.318,0.286,0.310,,,,,
33685,Jarren Duran,24617,sa3006786,680776,5 Sep 1996,OF,L,R,18 Jun 2025,Projection,0.328,0.293,0.328,,,,,
33905,Jhonkensy Noel,24257,sa3005579,678877,15 Jul 2001,1B/OF,R,R,18 Jun 2025,Projection,0.321,0.332,0.295,,,,,
33907,Ceddanne Rafaela,24262,sa3005581,678882,18 Sep 2000,2B/SS/OF,R,R,18 Jun 2025,Projection,0.296,0.298,0.293,,,,,
33949,Andy Pages,24816,sa3005625,681624,8 Dec 2000,OF,R,R,18 Jun 2025,Projection,0.322,0.328,0.327,,,,,
34601,Lars Nootbaar,21454,sa3006649,663457,8 Sep 1997,OF,L,R,18 Jun 2025,Projection,0.349,0.318,0.349,,,,,
34619,Brendan Donovan,24679,sa3006675,680977,16 Jan 1997,2B/3B/OF,L,R,18 Jun 2025,Projection,0.341,0.312,0.356,,,,,
34788,Lawrence Butler,22542,sa3006873,671732,10 Jul 2000,OF,L,R,18 Jun 2025,Projection,0.335,0.308,0.329,,,,,
34804,Miguel Vargas,20178,sa3006896,678246,17 Nov 1999,3B/OF,R,R,18 Jun 2025,Projection,0.314,0.324,0.314,,,,,
34921,Jake McCarthy,21622,sa3007015,664983,30 Jul 1997,OF,L,L,18 Jun 2025,Projection,0.321,0.297,0.329,,,,,
35181,Logan O'Hoppe,24729,sa3007519,681351,9 Feb 2000,C,R,R,18 Jun 2025,Projection,0.317,0.324,0.298,,,,,
35628,Ezequiel Tovar,24064,sa3008239,678662,1 Aug 2001,SS,R,R,18 Jun 2025,Projection,0.297,0.302,0.292,,,,,
35824,Steven Kwan,24610,sa3008536,680757,5 Sep 1997,OF,L,L,18 Jun 2025,Projection,0.341,0.317,0.360,,,,,
35939,Jeremy Peña,21636,sa876320,665161,22 Sep 1997,SS,R,R,18 Jun 2025,Projection,0.316,0.326,0.317,,,,,
36048,Luisangel Acuña,26548,sa3008765,682668,12 Mar 2002,2B/SS/OF,R,R,18 Jun 2025,Projection,0.294,0.301,0.285,,,,,
36325,Agustín Ramírez,,sa3009276,682663,10 Sep 2001,C/1B,R,R,18 Jun 2025,Projection,0.299,0.307,0.304,,,,,
36338,Elly De La Cruz,26668,sa3009289,682829,11 Jan 2002,SS,B,R,18 Jun 2025,Projection,0.332,0.317,0.339,,,,,
36509,Riley Greene,25976,sa3010694,682985,28 Sep 2000,OF,L,L,18 Jun 2025,Projection,0.351,0.318,0.357,,,,,
36668,Bobby Witt Jr.,25764,sa3011225,677951,14 Jun 2000,SS,R,R,18 Jun 2025,Projection,0.370,0.367,0.354,,,,,
36669,Shea Langeliers,25816,sa3010329,669127,18 Nov 1997,C,R,R,18 Jun 2025,Projection,0.323,0.332,0.314,,,,,
36683,Anthony Volpe,27647,sa3010868,683011,28 Apr 2001,SS,R,R,18 Jun 2025,Projection,0.310,0.320,0.302,,,,,
36743,Joey Ortiz,25493,sa3009889,687401,14 Jul 1998,SS/3B,R,R,18 Jun 2025,Projection,0.322,0.325,0.304,,,,,
36782,Josh Smith,21510,sa3009923,663642,5 Feb 1997,Util,L,R,18 Jun 2025,Projection,0.313,0.288,0.329,,,,,
36803,Brenton Doyle,25479,sa3009965,686668,14 May 1998,OF,R,R,18 Jun 2025,Projection,0.293,0.303,0.276,,,,,
36922,CJ Abrams,25768,sa3010152,682928,3 Oct 2000,SS,L,R,18 Jun 2025,Projection,0.324,0.292,0.339,,,,,
37072,Michael Toglia,25845,sa3010393,669911,16 Aug 1998,1B/OF,B,L,18 Jun 2025,Projection,0.305,0.305,0.285,,,,,
37091,Spencer Horwitz,26477,sa1115496,687462,14 Nov 1997,1B/2B,L,R,18 Jun 2025,Projection,0.343,0.311,0.347,,,,,
37094,Vinnie Pasquantino,27676,sa1115762,686469,10 Oct 1997,1B,L,L,18 Jun 2025,Projection,0.354,0.321,0.355,,,,,
37098,Michael Massey,27684,sa1115910,686681,22 Mar 1998,2B,L,R,18 Jun 2025,Projection,0.314,0.282,0.308,,,,,
37174,Matt Wallner,26466,sa918808,670242,12 Dec 1997,OF,L,R,18 Jun 2025,Projection,0.330,0.291,0.340,,,,,
37181,Brett Baty,26123,sa3010869,683146,13 Nov 1999,2B/3B,L,R,18 Jun 2025,Projection,0.314,0.282,0.317,,,,,
37182,Corbin Carroll,25878,sa3010593,682998,21 Aug 2000,OF,L,L,18 Jun 2025,Projection,0.357,0.326,0.376,,,,,
37216,Spencer Steer,26323,sa3010586,668715,7 Dec 1997,1B/OF,R,R,18 Jun 2025,Projection,0.325,0.333,0.307,,,,,
37257,Adley Rutschman,26288,sa3011643,668939,6 Feb 1998,C,B,R,18 Jun 2025,Projection,0.339,0.341,0.335,,,,,
37295,Michael Harris II,25931,sa3010684,671739,7 Mar 2001,OF,L,L,18 Jun 2025,Projection,0.351,0.325,0.331,,,,,
37300,Kerry Carpenter,25961,sa3010689,681481,2 Sep 1997,OF,R,R,18 Jun 2025,Projection,0.340,0.303,0.350,,,,,
37427,Francisco Alvarez,26121,sa3010862,682626,19 Nov 2001,C,R,R,18 Jun 2025,Projection,0.330,0.339,0.309,,,,,
37469,Andrew Vaughn,26197,sa3011226,683734,3 Apr 1998,1B,R,R,18 Jun 2025,Projection,0.322,0.335,0.298,,,,,
37531,Bryson Stott,26294,sa3011443,681082,6 Oct 1997,2B/SS,L,R,18 Jun 2025,Projection,0.317,0.296,0.319,,,,,
37635,Jasson Domínguez,28080,sa3014696,691176,7 Feb 2003,OF,B,R,18 Jun 2025,Projection,0.325,0.321,0.308,,,,,
37662,Tyler Fitzgerald,26208,sa3011257,666149,15 Sep 1997,SS/OF,R,R,18 Jun 2025,Projection,0.300,0.311,0.292,,,,,
37786,Josh Jung,26299,sa3011468,673962,12 Feb 1998,3B,R,R,18 Jun 2025,Projection,0.315,0.329,0.307,,,,,
37797,JJ Bleday,26368,sa3011642,668709,10 Nov 1997,OF,L,L,18 Jun 2025,Projection,0.328,0.294,0.331,,,,,
37806,Gunnar Henderson,26289,sa3011484,683002,29 Jun 2001,SS,L,R,18 Jun 2025,Projection,0.372,0.334,0.378,,,,,
37841,Michael Busch,26319,sa3011540,683737,9 Nov 1997,1B,L,R,18 Jun 2025,Projection,0.322,0.290,0.341,,,,,
38127,Ha-Seong Kim,27506,sa3011918,673490,17 Oct 1995,SS,R,R,18 Jun 2025,Projection,0.319,0.330,0.323,,,,,
38311,Justin Foscue,27501,sa3014527,679822,2 Mar 1999,2B,R,R,18 Jun 2025,Projection,0.303,0.312,0.307,,,,,
38314,Nick Gonzales,27490,sa3014510,693304,27 May 1999,2B/SS,R,R,18 Jun 2025,Projection,0.316,0.320,0.313,,,,,
38317,Austin Wells,27562,sa3014440,669224,12 Jul 1999,C,L,R,18 Jun 2025,Projection,0.317,0.283,0.318,,,,,
38319,Heston Kjerstad,31166,sa3014439,677008,12 Feb 1999,OF,L,R,18 Jun 2025,Projection,0.319,0.291,0.310,,,,,
38321,Patrick Bailey,27478,sa3014442,672275,29 May 1999,C,B,R,18 Jun 2025,Projection,0.300,0.293,0.282,,,,,
38325,Garrett Mitchell,27555,sa3014438,669003,4 Sep 1998,OF,L,R,18 Jun 2025,Projection,0.320,0.287,0.317,,,,,
38327,Pete Crow-Armstrong,27769,sa3014458,691718,25 Mar 2002,OF,L,L,18 Jun 2025,Projection,0.302,0.276,0.330,,,,,
38366,Jordan Walker,27475,sa3014464,691023,22 May 2002,OF,R,R,18 Jun 2025,Projection,0.321,0.330,0.295,,,,,
38374,Colt Keith,27899,sa3014474,690993,14 Aug 2001,2B,L,R,18 Jun 2025,Projection,0.330,0.301,0.334,,,,,
38378,Coby Mayo,28312,sa3014479,691723,10 Dec 2001,1B/3B,R,R,18 Jun 2025,Projection,0.314,0.324,0.295,,,,,
38388,Tyler Soderstrom,27467,sa3014489,691016,24 Nov 2001,C/1B,L,R,18 Jun 2025,Projection,0.318,0.289,0.329,,,,,
38389,Evan Carter,27790,sa3014490,694497,29 Aug 2002,OF,L,R,18 Jun 2025,Projection,0.322,0.289,0.335,,,,,
38398,Jordan Westburg,27815,sa3014499,676059,18 Feb 1999,2B/3B,R,R,18 Jun 2025,Projection,0.336,0.338,0.331,,,,,
38404,Masyn Winn,27479,sa3014506,691026,21 Mar 2002,SS,R,R,18 Jun 2025,Projection,0.321,0.325,0.313,,,,,
38436,Nick Yorke,27504,sa3014546,694377,2 Apr 2002,2B/OF,R,R,18 Jun 2025,Projection,0.310,0.318,0.302,,,,,
38456,Emmanuel Rodríguez,,sa3014693,691181,28 Feb 2003,OF,L,L,18 Jun 2025,Projection,0.309,0.271,0.305,,,,,
39108,Junior Caminero,28163,sa3015532,691406,5 Jul 2003,3B,R,R,18 Jun 2025,Projection,0.338,0.344,0.324,,,,,
39277,Jackson Chourio,28806,sa3015704,694192,11 Mar 2004,OF,R,R,18 Jun 2025,Projection,0.344,0.349,0.323,,,,,
39978,Colton Cowser,29591,sa3017018,681297,20 Mar 2000,OF,L,R,18 Jun 2025,Projection,0.327,0.297,0.335,,,,,
40052,Henry Davis,29617,sa3017042,680779,21 Sep 1999,C,R,R,18 Jun 2025,Projection,0.299,0.311,0.296,,,,,
40095,Marcelo Mayer,,sa3017114,691785,12 Dec 2002,SS,L,R,18 Jun 2025,Projection,0.293,0.261,0.304,,,,,
40142,Jackson Merrill,29490,sa3016829,701538,19 Apr 2003,OF,L,R,18 Jun 2025,Projection,0.347,0.319,0.350,,,,,
40188,James Wood,29518,sa3016870,695578,17 Sep 2002,OF,L,R,18 Jun 2025,Projection,0.346,0.322,0.358,,,,,
40251,Tim Tawa,,sa3016970,694374,7 Apr 1999,1B/2B/OF,R,R,18 Jun 2025,Projection,0.289,0.297,0.294,,,,,
40255,Ben Rice,29576,sa3016974,700250,22 Feb 1999,C/1B,L,R,18 Jun 2025,Projection,0.319,0.294,0.327,,,,,
40260,Jordan Lawlar,29976,sa3017662,691783,17 Jul 2002,Util,R,R,18 Jun 2025,Projection,0.303,0.314,0.289,,,,,
40266,Carson Williams,,sa3017795,700246,25 Jun 2003,SS,R,R,18 Jun 2025,Projection,0.290,0.299,0.267,,,,,
40284,Connor Norby,29592,sa3017019,681393,8 Jun 2000,2B/3B/OF,R,R,18 Jun 2025,Projection,0.309,0.317,0.301,,,,,
40317,Will Wagner,29634,sa3017079,695238,29 Jul 1998,1B/2B,L,R,18 Jun 2025,Projection,0.333,0.307,0.330,,,,,
40371,Matt McLain,29695,sa3017154,680574,6 Aug 1999,Util,R,R,18 Jun 2025,Projection,0.337,0.350,0.304,,,,,
40389,Hunter Goodman,29715,sa3017173,696100,8 Oct 1999,C/OF,R,R,18 Jun 2025,Projection,0.303,0.311,0.296,,,,,
40456,Zack Gelof,29766,sa3017286,680869,19 Oct 1999,2B,R,R,18 Jun 2025,Projection,0.302,0.306,0.311,,,,,
40508,Kyle Manzardo,29794,sa3017342,700932,18 Jul 2000,1B,L,R,18 Jun 2025,Projection,0.333,0.305,0.332,,,,,
40641,Jacob Young,29931,sa3017563,696285,27 Jul 1999,OF,R,R,18 Jun 2025,Projection,0.296,0.301,0.295,,,,,
40748,Christian Encarnacion-Strand,30011,sa3017756,687952,1 Dec 1999,1B,R,R,18 Jun 2025,Projection,0.327,0.334,0.313,,,,,
40927,Seiya Suzuki,30116,sa3018052,673548,18 Aug 1994,OF,R,R,18 Jun 2025,Projection,0.339,0.356,0.332,,,,,
41342,Josue De Paula,,sa3018591,800543,24 May 2005,OF,L,L,18 Jun 2025,Projection,0.274,0.244,0.291,,,,,
42126,Jackson Holliday,31781,sa3020241,702616,4 Dec 2003,2B,L,R,18 Jun 2025,Projection,0.316,0.289,0.319,,,,,
42146,Brooks Lee,31595,sa3019973,686797,14 Feb 2001,2B/SS/3B,B,R,18 Jun 2025,Projection,0.310,0.309,0.311,,,,,
42156,Zach Neto,31347,sa3019855,687263,31 Jan 2001,SS,R,R,18 Jun 2025,Projection,0.330,0.338,0.321,,,,,
42176,Chase DeLauter,,sa3021053,800050,8 Oct 2001,OF,L,L,18 Jun 2025,Projection,0.322,0.285,0.327,,,,,
42193,Dalton Rushing,,sa3019892,687221,21 Feb 2001,C/OF,L,R,18 Jun 2025,Projection,0.314,0.278,0.313,,,,,
42221,Drake Baldwin,,sa3019920,686948,28 Mar 2001,C,L,R,18 Jun 2025,Projection,0.302,0.268,0.322,,,,,
42408,Zach Dezenzo,31562,sa3020209,701305,11 May 2000,1B/3B,L,R,18 Jun 2025,Projection,0.306,0.312,0.293,,,,,
42409,Roman Anthony,,sa3020211,701350,13 May 2004,OF,L,R,18 Jun 2025,Projection,0.313,0.276,0.324,,,,,
42410,Alan Roden,,sa3020212,702176,22 Dec 1999,OF,L,R,18 Jun 2025,Projection,0.319,0.285,0.326,,,,,
42428,Justin Crawford,,sa3020240,702222,13 Jan 2004,OF,L,R,18 Jun 2025,Projection,0.299,0.268,0.309,,,,,
43893,Max Clark,,sa3022683,703601,21 Dec 2004,OF,L,L,18 Jun 2025,Projection,0.256,0.231,0.278,,,,,
43896,Wyatt Langford,33333,sa3022654,694671,15 Nov 2001,OF,R,R,18 Jun 2025,Projection,0.343,0.349,0.324,,,,,
43932,Nolan Schanuel,33189,sa3022430,694384,14 Feb 2002,1B,L,R,18 Jun 2025,Projection,0.336,0.312,0.353,,,,,
44003,Jacob Wilson,33266,sa3022538,805779,30 Mar 2002,SS,R,R,18 Jun 2025,Projection,0.335,0.336,0.358,,,,,
44147,Bryce Eldridge,,sa3022757,805811,20 Oct 2004,1B,L,R,18 Jun 2025,Projection,0.301,0.266,0.299,,,,,
44308,Kristian Campbell,,sa3023011,692225,28 Jun 2002,2B/SS/OF,R,R,18 Jun 2025,Projection,0.331,0.336,0.307,,,,,
44524,Jung Hoo Lee,33824,sa3012640,808982,20 Aug 1998,OF,L,R,18 Jun 2025,Projection,0.344,0.320,0.348,,,,,
45714,Cam Smith,,sa3025358,701358,22 Feb 2003,3B,R,R,18 Jun 2025,Projection,0.267,0.274,0.296,,,,,
42722,Masataka Yoshida,31837,,807799,15 Jul 1993,Util,R,R,18 Jun 2025,Projection,0.337,0.310,0.366,,,,,
23792,Jo Adell,20220,sa3004837,666176,8 Apr 1999,OF,R,R,18 Jun 2025,Projection,0.310,0.324,0.299,,,,,
42277,Jordan Beck,31431,sa3019981,687597,19 Apr 2001,OF,R,R,18 Jun 2025,Projection,0.295,0.305,0.288,,,,,
43966,Matt Shaw,,sa3022615,807713,6 Nov 2001,2B/SS/3B,R,R,18 Jun 2025,Projection,0.312,0.322,0.312,,,,,
18890,Edmundo Sosa,17022,sa736859,624641,6 Mar 1996,2B/SS/3B,R,R,18 Jun 2025,Projection,0.298,0.303,0.293,,,,,
37843,Kameron Misner,26374,sa3011656,670224,8 Jan 1998,OF,L,L,18 Jun 2025,Projection,0.280,0.254,0.288,,,,,
14914,Nick Castellanos,11737,sa548164,592206,4 Mar 1992,OF,R,R,18 Jun 2025,Projection,0.317,0.329,0.312,,,,,
38402,Thomas Saggese,27883,sa3014503,695336,10 Apr 2002,2B/SS,R,R,18 Jun 2025,Projection,0.295,0.303,0.292,,,,,
44057,Luke Keaschall,,sa3022614,807712,15 Aug 2002,2B,R,R,18 Jun 2025,Projection,0.311,0.318,0.311,,,,,
26080,Christopher Morel,21897,sa3003171,666624,24 Jun 1999,2B/3B/OF,R,R,18 Jun 2025,Projection,0.323,0.334,0.307,,,,,
42304,Chase Meidroth,,sa3020011,805367,23 Jul 2001,SS/3B,R,R,18 Jun 2025,Projection,0.318,0.322,0.324,,,,,
37480,Kyle Stowers,26151,sa1115829,669065,2 Jan 1998,OF,L,L,18 Jun 2025,Projection,0.308,0.284,0.313,,,,,
45708,Christian Moore,,sa3025168,695681,21 Oct 2002,2B,R,R,18 Jun 2025,Projection,0.297,0.305,0.279,,,,,